Workbook

Sheet فرم نقشه برداری
F1: گزارش عملیات نقشه برداری میسر بهار | P1: تاریخ: | Q1: =DATA!E1 -> 06/07 | R1: 1405/ | T1: کد فرم TF 100
A2: پروژه احداث تونل و کانال کابل ارتباطی | P2: ایام : | Q2: =DATA!E2 -> شنبه
A3: نام شفت | C3: مانده | D3: سمت | E3: فعالیت | F3: کیلومتراژ قبلی | G3: کیلومتراژ فعلی | H3: پیشرفت روزانه | I3: پیشرفت از شفت | J3: مانده
A4: شفت 1 | B4: 362.1 | C4: =B4-227 -> 135.1 | D4: اتصال | E4: جبهه کاری حفاری | F4: =(LOOKUP(DATA!D4,DATA!K2:K1494,DATA!L2:L1494))+(DATA!E4/100) -> 355.3 | G4: =(LOOKUP(DATA!F4,DATA!K2:K1494,DATA!L2:L1494))+DATA!G4/100 -> 354.34 | H4: =F4-G4 -> 0.96 | I4: =B4-G4 -> 7.76 | J4: =G4-227 -> 127.34 | L4: 1 | M4: 2 | N4: 3 | O4: 4 | P4: 5 | Q4: 6 | R4: 7
K5: انحراف | X5: =G4 -> 354.34 | Y5: =H4 -> 0.96
X6: =G12 -> 367.49 | Y6: =H12 -> 1.18
E7: نصب 3D یا قاب | F7: =F4 -> 355.3 | G7: =G4 -> 354.34 | H7: =H4 -> 0.96 | I7: =I4 -> 7.76 | K7: ریزش | X7: =G20 -> 584.95 | Y7: =H20 -> 0.85
V8: ` | X8: =G28 -> 588.25 | Y8: =H28 -> 0
L9: 1 | M9: 2 | N9: 3 | O9: 4 | P9: 5 | Q9: 6 | R9: 7 | X9: =G36 -> 909.8 | Y9: =H36 -> 0
E10: اجرای شاتکریت نهائی | F10: =F4 -> 355.3 | G10: =G4 -> 354.34 | H10: =H4 -> 0.96 | I10: =I4 -> 7.76 | K10: انحراف | X10: =G44 -> 909.8 | Y10: =H44 -> 0
X11: =G52 -> 1200 | Y11: =H52 -> 0
C12: =B20-B4 -> 224.55 | D12: شفت 2 | E12: جبهه کاری حفاری | F12: =(LOOKUP(DATA!D7,DATA!K2:K1494,DATA!L2:L1494))+DATA!E7/100 -> 366.31 | G12: =(LOOKUP(DATA!F7,DATA!K2:K1494,DATA!L2:L1494))+DATA!G7/100 -> 367.49 | H12: =G12-F12 -> 1.18 | I12: =G12-B4 -> 5.39 | J12: =(B20-B4)-(I20+I12) -> 217.46 | L12: 1 | M12: 2 | N12: 3 | O12: 4 | P12: 5 | Q12: 6 | R12: 7 | X12: =G60 -> 1200 | Y12: =H60 -> 0
K13: انحراف
E15: نصب 3D یا قاب | F15: =F12 -> 366.31 | G15: =G12 -> 367.49 | H15: =H12 -> 1.18 | I15: =I12 -> 5.39 | K15: ریزش
L17: 1 | M17: 2 | N17: 3 | O17: 4 | P17: 5 | Q17: 6 | R17: 7
E18: اجرای شاتکریت نهائی | F18: =F12 -> 366.31 | G18: =G12 -> 367.49 | H18: =H12 -> 1.18 | I18: =I12 -> 5.39 | K18: انحراف
A20: شفت 2 | B20: 586.65 | D20: شفت 1 | E20: جبهه کاری حفاری | F20: =(LOOKUP(DATA!D10,DATA!K2:K1494,DATA!L2:L1494))+DATA!E10/100 -> 585.8 | G20: =(LOOKUP(DATA!F10,DATA!K2:K1494,DATA!L2:L1494))+DATA!G10/100 -> 584.95 | H20: =F20-G20 -> 0.85 | I20: =B20-G20 -> 1.7 | L20: 7 | M20: 6 | N20: 5 | O20: 4 | P20: 3 | Q20: 2 | R20: 1
K21: انحراف | AB21: =RAND()*(9-3) -> 0.85250771 | AC21: =RAND()*(9-3) -> 1.6647372 | AD21: =#REF! -> #REF! | AE21: =RAND()*(9-3) -> 5.4971735 | AF21: =RAND()*(9-3) -> 2.0850217 | AG21: =RAND()*(9-3) -> 5.5484906 | AH21: =RAND()*(9-3) -> 2.7177566 | AN21: =L21 -> 0 | AO21: =M21 -> 0 | AP21: =N21 -> 0 | AQ21: =O21 -> 0 | AR21: =P21 -> 0 | AS21: =Q21 -> 0 | AT21: =R21 -> 0
E23: نصب 3D یا قاب | F23: =F20 -> 585.8 | G23: =G20 -> 584.95 | H23: =H20 -> 0.85 | I23: =I20 -> 1.7 | K23: ریزش | AN23: =L29 -> 0 | AO23: =M29 -> 0 | AP23: =N29 -> 0 | AQ23: =O29 -> 0 | AR23: =P29 -> 0 | AS23: =Q29 -> 0 | AT23: =R29 -> 0
L25: 7 | M25: 6 | N25: 5 | O25: 4 | P25: 3 | Q25: 2 | R25: 1
E26: اجرای شاتکریت نهائی | F26: =F20 -> 585.8 | G26: =G20 -> 584.95 | H26: =H20 -> 0.85 | I26: =I20 -> 1.7 | K26: انحراف
C28: =B36-B20 -> 323.15 | D28: شفت 3 | E28: جبهه کاری حفاری | F28: =(LOOKUP(DATA!D13,DATA!K2:K1494,DATA!L2:L1494))+DATA!E13/100 -> 588.25 | G28: =(LOOKUP(DATA!F13,DATA!K2:K1494,DATA!L2:L1494))+DATA!G13/100 -> 588.25 | H28: =G28-F28 -> 0 | I28: =G28-B20 -> 1.6 | J28: =(B36-B20)-(H36+H28) -> 323.15 | L28: 7 | M28: 6 | N28: 5 | O28: 4 | P28: 3 | Q28: 2 | R28: 1
K29: انحراف
E31: نصب 3D یا قاب | F31: =F28 -> 588.25 | G31: =G28 -> 588.25 | H31: =H28 -> 0 | I31: =I28 -> 1.6 | K31: ریزش
L33: 7 | M33: 6 | N33: 5 | O33: 4 | P33: 3 | Q33: 2 | R33: 1
E34: اجرای شاتکریت نهائی | F34: =F28 -> 588.25 | G34: =G28 -> 588.25 | H34: =H28 -> 0 | I34: =I28 -> 1.6 | K34: انحراف
A36: شفت 3 | B36: 909.8 | D36: شفت3 | E36: جبهه کاری حفاری | F36: =(LOOKUP(DATA!D16,DATA!K2:K1494,DATA!L2:L1494))+DATA!E16/100 -> 909.8 | G36: =(LOOKUP(DATA!F16,DATA!K2:K1494,DATA!L2:L1494))+DATA!G16/100 -> 909.8 | H36: =F36-G36 -> 0 | I36: =B36-G36 -> -1.0004442e-11 | L36: 7 | M36: 6 | N36: 5 | O36: 4 | P36: 3 | Q36: 2 | R36: 1
K37: انحراف
E39: نصب 3D یا قاب | F39: =F36 -> 909.8 | G39: =G36 -> 909.8 | H39: =H36 -> 0 | I39: =I36 -> -1.0004442e-11 | K39: ریزش
L41: 1 | M41: 6 | N41: 5 | O41: 4 | P41: 3 | Q41: 2 | R41: 1
E42: اجرای شاتکریت نهائی | F42: =F39 -> 909.8 | G42: =G39 -> 909.8 | H42: =H36 -> 0 | I42: =I36 -> -1.0004442e-11 | K42: انحراف
C44: =B52-B36 -> 290.2 | D44: شفت 4 | E44: جبهه کاری حفاری | F44: =(LOOKUP(DATA!D19,DATA!K2:K1494,DATA!L2:L1494))+DATA!E19/100 -> 909.8 | G44: =(LOOKUP(DATA!F19,DATA!K2:K1494,DATA!L2:L1494))+DATA!G19/100 -> 909.8 | H44: =G44-F44 -> 0 | I44: =G44-B36 -> 1.0004442e-11 | J44: =(B52-B36)+(I52+I44) -> 290.2 | L44: 7 | M44: 6 | N44: 5 | O44: 4 | P44: 3 | Q44: 2 | R44: 1
K45: انحراف
E47: نصب 3D یا قاب | F47: =F44 -> 909.8 | G47: =G44 -> 909.8 | H47: =H44 -> 0 | I47: =I44 -> 1.0004442e-11 | K47: ریزش
L49: 7 | M49: 6 | N49: 5 | O49: 4 | P49: 3 | Q49: 2 | R49: 1
E50: اجرای شاتکریت نهائی | F50: =F44 -> 909.8 | G50: =G47 -> 909.8 | H50: =G50-F50 -> 0 | I50: =I44 -> 1.0004442e-11 | K50: انحراف
A52: شفت 4 | B52: 1200 | D52: شفت 3 | E52: جبهه کاری حفاری | F52: =(LOOKUP(DATA!D22,DATA!K2:K1494,DATA!L2:L1494))+DATA!E22/100 -> 1200 | G52: =(LOOKUP(DATA!F22,DATA!K2:K1494,DATA!L2:L1494))+DATA!G22/100 -> 1200 | H52: =G52-F52 -> 0 | I52: =G52-B52 -> 0 | L52: 7 | M52: 6 | N52: 5 | O52: 4 | P52: 3 | Q52: 2 | R52: 1
K53: انحراف
E55: نصب 3D یا قاب | F55: =F52 -> 1200 | G55: =G52 -> 1200 | H55: =H52 -> 0 | I55: =I52 -> 0 | K55: ریزش
L57: 7 | M57: 6 | N57: 5 | O57: 4 | P57: 3 | Q57: 2 | R57: 1
E58: اجرای شاتکریت نهائی | F58: =F55 -> 1200 | G58: =G55 -> 1200 | H58: =H52 -> 0 | I58: =I52 -> 0 | K58: انحراف
C60: =1257.7-B52 -> 57.7 | D60: اتصال | E60: جبهه کاری حفاری | F60: =(LOOKUP(DATA!D22,DATA!K2:K1494,DATA!L2:L1494))+DATA!E25/100 -> 1200 | G60: =(LOOKUP(DATA!F22,DATA!K2:K1494,DATA!L2:L1494))+DATA!G25/100 -> 1200 | H60: =G60-F60 -> 0 | I60: =G60-B52 -> 0 | J60: =1257.7-G60 -> 57.7 | L60: 7 | M60: 6 | N60: 5 | O60: 4 | P60: 3 | Q60: 2 | R60: 1
K61: انحراف
E63: نصب 3D یا قاب | F63: =F60 -> 1200 | G63: =G60 -> 1200 | H63: =G63-F63 -> 0 | I63: =G63-B52 -> 0 | K63: ریزش
L65: 7 | M65: 6 | N65: 5 | O65: 4 | P65: 3 | Q65: 2 | R65: 1
E66: اجرای شاتکریت نهائی | F66: =F60 -> 1200 | G66: =G60 -> 1200 | H66: =G66-F66 -> 0 | I66: =G66-B52 -> 0 | K66: انحراف
A68: پیشرفت | B68: مسیر ده دی | E68: پیشرفت کل | G68: مانده حفاری
E69: =I4+I12+I20+I28+I36+I44+I52+I60 -> 16.45 | G69: =1257.7-E69-227 -> 1014.25
B70: پست ارگ | E70: =#REF! -> #REF! | F70: =E70 -> #REF! | H70: =E70 -> #REF!
A72: نقشه بردار: | F72: سرپرست کارگاه:

Sheet COD
N1: DIM | P1: 1 | Q1: 2 | R1: 3 | S1: 4 | T1: 5 | U1: 6 | V1: 7 | AL1: DIM | AN1: 1 | AO1: 2 | AP1: 3 | AQ1: 4 | AR1: 5 | AS1: 6 | AT1: 7 | AV1: =E4 -> 0 | AW1: =F4 -> 0 | AY1: =Y4 -> 5 | AZ1: =Z4 -> 0
M2: 1 | N2: =E4 -> 0 | O2: =F4 -> 0 | P2: ='فرم نقشه برداری'!AT21 -> 0 | Q2: ='فرم نقشه برداری'!AS21 -> 0 | R2: ='فرم نقشه برداری'!AR21 -> 0 | S2: ='فرم نقشه برداری'!AQ21 -> 0 | T2: ='فرم نقشه برداری'!AP21 -> 0 | U2: ='فرم نقشه برداری'!AO21 -> 0 | V2: ='فرم نقشه برداری'!AN21 -> 0 | AK2: 1 | AL2: =Y4 -> 5 | AM2: =Z4 -> 0 | AN2: ='فرم نقشه برداری'!AT23 -> 0 | AO2: ='فرم نقشه برداری'!AS23 -> 0 | AP2: ='فرم نقشه برداری'!AR23 -> 0 | AQ2: ='فرم نقشه برداری'!AQ23 -> 0 | AR2: ='فرم نقشه برداری'!AP23 -> 0 | AS2: ='فرم نقشه برداری'!AO23 -> 0 | AT2: ='فرم نقشه برداری'!AN23 -> 0 | AV2: =E5 -> 0 | AW2: =F5 -> 1.5 | AY2: =Y5 -> 5 | AZ2: =Z5 -> 1.5
A3: کد | B3: شماره | E3: مختصات ک ک | H3: درصد | K3: موقعیت ثابت خاک | N3: =K4 -> 0 | O3: =L4 -> 0 | W3: کد | X3: شماره | Y3: مختصات ک ب | AA3: مختصات خام | AD3: درصد | AG3: مختصات ثابت | AI3: مختصات ثایت خام | AL3: =AG4 -> 5 | AM3: =AH4 -> 0 | AV3: =E6 -> 0.0032 | AW3: =F6 -> 1.5998 | AY3: =Y6 -> 5.0032 | AZ3: =Z6 -> 1.5998
A4: 1 | B4: 1 | E4: =K4+(P2*H4) -> 0 | F4: =L4+(Q2*I4) -> 0 | H4: -0.01 | I4: 0 | K4: 0 | L4: 0 | W4: 1 | X4: 1 | Y4: =AA4+5 -> 5 | Z4: =AB4 -> 0 | AA4: =AI4+(AN2*AD4) -> 0 | AB4: =AJ4+(AO2*AE4) -> 0 | AD4: =H4 -> -0.01 | AE4: =I4 -> 0 | AG4: =AI4+5 -> 5 | AH4: =AJ4 -> 0 | AI4: 0 | AJ4: 0 | AV4: =E7 -> 0.0135 | AW4: =F7 -> 1.6993 | AY4: =Y7 -> 5.0135 | AZ4: =Z7 -> 1.6993
A5: 2 | B5: 2 | E5: =K5+(Q2*H5) -> 0 | F5: =L5+(R2*I5) -> 1.5 | H5: -0.01 | I5: 0 | K5: 0 | L5: 1.5 | M5: 2 | N5: =E5 -> 0 | O5: =F5 -> 1.5 | W5: 2 | X5: 2 | Y5: =AA5+5 -> 5 | Z5: =AB5 -> 1.5 | AA5: =AI5+(AO2*AD5) -> 0 | AB5: =AJ5+(AP2*AE5) -> 1.5 | AD5: -0.01 | AE5: 0 | AG5: =AI5+5 -> 5 | AH5: =AJ5 -> 1.5 | AI5: 0 | AJ5: 1.5 | AK5: 2 | AL5: =Y5 -> 5 | AM5: =Z5 -> 1.5 | AV5: =E8 -> 0.0306 | AW5: =F8 -> 1.7978 | AY5: =Y8 -> 5.0306 | AZ5: =Z8 -> 1.7978
A6: 2 | B6: 3 | E6: =K6+(Q2*H6) -> 0.0032 | F6: =L6+(Q2*I6) -> 1.5998 | H6: -0.00998 | I6: 0.0007 | K6: 0.0032 | L6: 1.5998 | N6: =K5 -> 0 | O6: =L5 -> 1.5 | W6: 2 | X6: 3 | Y6: =AA6+5 -> 5.0032 | Z6: =AB6 -> 1.5998 | AA6: =AI6+(AO2*AD6) -> 0.0032 | AB6: =AJ6+(AO2*AE6) -> 1.5998 | AD6: -0.00998 | AE6: 0.0007 | AG6: =AI6+5 -> 5.0032 | AH6: =AJ6 -> 1.5998 | AI6: 0.0032 | AJ6: 1.5998 | AL6: =AG5 -> 5 | AM6: =AH5 -> 1.5 | AV6: =E9 -> 0.0545 | AW6: =F9 -> 1.8949 | AY6: =Y9 -> 5.0545 | AZ6: =Z9 -> 1.8949
A7: 2 | B7: 4 | E7: =K7+(Q2*H7) -> 0.0135 | F7: =L7+(Q2*I7) -> 1.6993 | H7: -0.0099 | I7: 0.00138 | K7: 0.0135 | L7: 1.6993 | W7: 2 | X7: 4 | Y7: =AA7+5 -> 5.0135 | Z7: =AB7 -> 1.6993 | AA7: =AI7+(AO2*AD7) -> 0.0135 | AB7: =AJ7+(AO2*AE7) -> 1.6993 | AD7: -0.0099 | AE7: 0.00138 | AG7: =AI7+5 -> 5.0135 | AH7: =AJ7 -> 1.6993 | AI7: 0.0135 | AJ7: 1.6993 | AV7: =E10 -> 0.0851 | AW7: =F10 -> 1.9901 | AY7: =Y10 -> 5.0851 | AZ7: =Z10 -> 1.9901
A8: 2 | B8: 5 | E8: =K8+(Q2*H8) -> 0.0306 | F8: =L8+(Q2*I8) -> 1.7978 | H8: -0.00978 | I8: 0.00206 | K8: 0.0306 | L8: 1.7978 | M8: 3 | N8: =E16 -> 0.3973 | O8: =F16 -> 2.4974 | W8: 2 | X8: 5 | Y8: =AA8+5 -> 5.0306 | Z8: =AB8 -> 1.7978 | AA8: =AI8+(AO2*AD8) -> 0.0306 | AB8: =AJ8+(AO2*AE8) -> 1.7978 | AD8: -0.00978 | AE8: 0.00206 | AG8: =AI8+5 -> 5.0306 | AH8: =AJ8 -> 1.7978 | AI8: 0.0306 | AJ8: 1.7978 | AK8: 3 | AL8: =Y16 -> 5.3973 | AM8: =Z16 -> 2.4974 | AV8: =E11 -> 0.1221 | AW8: =F11 -> 2.0829 | AY8: =Y11 -> 5.1221 | AZ8: =Z11 -> 2.0829
A9: 2 | B9: 6 | E9: =K9+(Q2*H9) -> 0.0545 | F9: =L9+(Q2*I9) -> 1.8949 | H9: -0.00962 | I9: 0.00272 | K9: 0.0545 | L9: 1.8949 | N9: =K16 -> 0.3973 | O9: =L16 -> 2.4974 | W9: 2 | X9: 6 | Y9: =AA9+5 -> 5.0545 | Z9: =AB9 -> 1.8949 | AA9: =AI9+(AO2*AD9) -> 0.0545 | AB9: =AJ9+(AO2*AE9) -> 1.8949 | AD9: -0.00962 | AE9: 0.00272 | AG9: =AI9+5 -> 5.0545 | AH9: =AJ9 -> 1.8949 | AI9: 0.0545 | AJ9: 1.8949 | AL9: =AG16 -> 5.3973 | AM9: =AH16 -> 2.4974 | AV9: =E12 -> 0.1654 | AW9: =F12 -> 2.173 | AY9: =Y12 -> 5.1654 | AZ9: =Z12 -> 2.173
A10: 3 | B10: 7 | E10: =K10+(R2*H10) -> 0.0851 | F10: =L10+(R2*I10) -> 1.9901 | H10: -0.00942 | I10: 0.00338 | K10: 0.0851 | L10: 1.9901 | W10: 3 | X10: 7 | Y10: =AA10+5 -> 5.0851 | Z10: =AB10 -> 1.9901 | AA10: =AI10+(AP2*AD10) -> 0.0851 | AB10: =AJ10+(AP2*AE10) -> 1.9901 | AD10: -0.00942 | AE10: 0.00338 | AG10: =AI10+5 -> 5.0851 | AH10: =AJ10 -> 1.9901 | AI10: 0.0851 | AJ10: 1.9901 | AV10: =E13 -> 0.2149 | AW10: =F13 -> 2.26 | AY10: =Y13 -> 5.2149 | AZ10: =Z13 -> 2.26
A11: 3 | B11: 8 | E11: =K11+(R2*H11) -> 0.1221 | F11: =L11+(R2*I11) -> 2.0829 | H11: -0.00916 | I11: 0.00404 | K11: 0.1221 | L11: 2.0829 | M11: 4 | N11: =E28 -> 1.4721 | O11: =F28 -> 2.9498 | W11: 3 | X11: 8 | Y11: =AA11+5 -> 5.1221 | Z11: =AB11 -> 2.0829 | AA11: =AI11+(AP2*AD11) -> 0.1221 | AB11: =AJ11+(AP2*AE11) -> 2.0829 | AD11: -0.00916 | AE11: 0.00404 | AG11: =AI11+5 -> 5.1221 | AH11: =AJ11 -> 2.0829 | AI11: 0.1221 | AJ11: 2.0829 | AK11: 4 | AL11: =Y28 -> 6.4721 | AM11: =Z28 -> 2.9498 | AV11: =E14 -> 0.2702 | AW11: =F14 -> 2.3432 | AY11: =Y14 -> 5.2702 | AZ11: =Z14 -> 2.3432
A12: 3 | B12: 9 | E12: =K12+(R2*H12) -> 0.1654 | F12: =L12+(R2*I12) -> 2.173 | H12: -0.00886 | I12: 0.00466 | K12: 0.1654 | L12: 2.173 | N12: =K28 -> 1.4721 | O12: =L28 -> 2.9498 | W12: 3 | X12: 9 | Y12: =AA12+5 -> 5.1654 | Z12: =AB12 -> 2.173 | AA12: =AI12+(AP2*AD12) -> 0.1654 | AB12: =AJ12+(AP2*AE12) -> 2.173 | AD12: -0.00886 | AE12: 0.00466 | AG12: =AI12+5 -> 5.1654 | AH12: =AJ12 -> 2.173 | AI12: 0.1654 | AJ12: 2.173 | AL12: =AG28 -> 6.4721 | AM12: =AH28 -> 2.9498 | AV12: =E15 -> 0.3311 | AW12: =F15 -> 2.4225 | AY12: =Y15 -> 5.3311 | AZ12: =Z15 -> 2.4225
A13: 3 | B13: 10 | E13: =K13+(R2*H13) -> 0.2149 | F13: =L13+(R2*I13) -> 2.26 | H13: -0.00852 | I13: 0.00524 | K13: 0.2149 | L13: 2.26 | W13: 3 | X13: 10 | Y13: =AA13+5 -> 5.2149 | Z13: =AB13 -> 2.26 | AA13: =AI13+(AP2*AD13) -> 0.2149 | AB13: =AJ13+(AP2*AE13) -> 2.26 | AD13: -0.00852 | AE13: 0.00524 | AG13: =AI13+5 -> 5.2149 | AH13: =AJ13 -> 2.26 | AI13: 0.2149 | AJ13: 2.26 | AV13: =E16 -> 0.3973 | AW13: =F16 -> 2.4974 | AY13: =Y16 -> 5.3973 | AZ13: =Z16 -> 2.4974
A14: 3 | B14: 11 | E14: =K14+(R2*H14) -> 0.2702 | F14: =L14+(S2*I14) -> 2.3432 | H14: -0.00814 | I14: 0.00582 | K14: 0.2702 | L14: 2.3432 | M14: 5 | N14: =E39 -> 2.4633 | O14: =F39 -> 2.5368 | W14: 3 | X14: 11 | Y14: =AA14+5 -> 5.2702 | Z14: =AB14 -> 2.3432 | AA14: =AI14+(AP2*AD14) -> 0.2702 | AB14: =AJ14+(AQ2*AE14) -> 2.3432 | AD14: -0.00814 | AE14: 0.00582 | AG14: =AI14+5 -> 5.2702 | AH14: =AJ14 -> 2.3432 | AI14: 0.2702 | AJ14: 2.3432 | AK14: 5 | AL14: =Y39 -> 7.4633 | AM14: =Z39 -> 2.5368 | AV14: =E17 -> 0.4686 | AW14: =F17 -> 2.5676 | AY14: =Y17 -> 5.4686 | AZ14: =Z17 -> 2.5676
A15: 3 | B15: 12 | E15: =K15+(R2*H15) -> 0.3311 | F15: =L15+(R2*I15) -> 2.4225 | H15: -0.00772 | I15: 0.00636 | K15: 0.3311 | L15: 2.4225 | N15: =K39 -> 2.4633 | O15: =L39 -> 2.5368 | W15: 3 | X15: 12 | Y15: =AA15+5 -> 5.3311 | Z15: =AB15 -> 2.4225 | AA15: =AI15+(AP2*AD15) -> 0.3311 | AB15: =AJ15+(AP2*AE15) -> 2.4225 | AD15: -0.00772 | AE15: 0.00636 | AG15: =AI15+5 -> 5.3311 | AH15: =AJ15 -> 2.4225 | AI15: 0.3311 | AJ15: 2.4225 | AL15: =AG39 -> 7.4633 | AM15: =AH39 -> 2.5368 | AV15: =E18 -> 0.5445 | AW15: =F18 -> 2.6326 | AY15: =Y18 -> 5.5445 | AZ15: =Z18 -> 2.6326
A16: 3 | B16: 13 | E16: =K16+(R2*H16) -> 0.3973 | F16: =L16+(R2*I16) -> 2.4974 | H16: -0.00726 | I16: 0.00688 | K16: 0.3973 | L16: 2.4974 | W16: 3 | X16: 13 | Y16: =AA16+5 -> 5.3973 | Z16: =AB16 -> 2.4974 | AA16: =AI16+(AP2*AD16) -> 0.3973 | AB16: =AJ16+(AP2*AE16) -> 2.4974 | AD16: -0.00726 | AE16: 0.00688 | AG16: =AI16+5 -> 5.3973 | AH16: =AJ16 -> 2.4974 | AI16: 0.3973 | AJ16: 2.4974 | AV16: =E19 -> 0.6247 | AW16: =F19 -> 2.6923 | AY16: =Y19 -> 5.6247 | AZ16: =Z19 -> 2.6923
A17: 3 | B17: 14 | E17: =K17+(R2*H17) -> 0.4686 | F17: =L17+(R2*I17) -> 2.5676 | H17: -0.00678 | I17: 0.00736 | K17: 0.4686 | L17: 2.5676 | M17: 6 | N17: =E51 -> 2.9 | O17: =F51 -> 1.5 | W17: 3 | X17: 14 | Y17: =AA17+5 -> 5.4686 | Z17: =AB17 -> 2.5676 | AA17: =AI17+(AP2*AD17) -> 0.4686 | AB17: =AJ17+(AP2*AE17) -> 2.5676 | AD17: -0.00678 | AE17: 0.00736 | AG17: =AI17+5 -> 5.4686 | AH17: =AJ17 -> 2.5676 | AI17: 0.4686 | AJ17: 2.5676 | AK17: 6 | AL17: =Y51 -> 7.9 | AM17: =Z51 -> 1.5 | AV17: =E20 -> 0.7088 | AW17: =F20 -> 2.7463 | AY17: =Y20 -> 5.7088 | AZ17: =Z20 -> 2.7463
A18: 3 | B18: 15 | E18: =K18+(R2*H18) -> 0.5445 | F18: =L18+(R2*I18) -> 2.6326 | H18: -0.00624 | I18: 0.00782 | K18: 0.5445 | L18: 2.6326 | N18: =K51 -> 2.9 | O18: =L51 -> 1.5 | W18: 3 | X18: 15 | Y18: =AA18+5 -> 5.5445 | Z18: =AB18 -> 2.6326 | AA18: =AI18+(AP2*AD18) -> 0.5445 | AB18: =AJ18+(AP2*AE18) -> 2.6326 | AD18: -0.00624 | AE18: 0.00782 | AG18: =AI18+5 -> 5.5445 | AH18: =AJ18 -> 2.6326 | AI18: 0.5445 | AJ18: 2.6326 | AL18: =AG51 -> 7.9 | AM18: =AH51 -> 1.5 | AV18: =E21 -> 0.7965 | AW18: =F21 -> 2.7944 | AY18: =Y21 -> 5.7965 | AZ18: =Z21 -> 2.7944
A19: 3 | B19: 16 | E19: =K19+(R2*H19) -> 0.6247 | F19: =L19+(R2*I19) -> 2.6923 | H19: -0.0057 | I19: 0.00822 | K19: 0.6247 | L19: 2.6923 | W19: 3 | X19: 16 | Y19: =AA19+5 -> 5.6247 | Z19: =AB19 -> 2.6923 | AA19: =AI19+(AP2*AD19) -> 0.6247 | AB19: =AJ19+(AP2*AE19) -> 2.6923 | AD19: -0.0057 | AE19: 0.00822 | AG19: =AI19+5 -> 5.6247 | AH19: =AJ19 -> 2.6923 | AI19: 0.6247 | AJ19: 2.6923 | AV19: =E22 -> 0.8872 | AW19: =F22 -> 2.8364 | AY19: =Y22 -> 5.8872 | AZ19: =Z22 -> 2.8364
A20: 3 | B20: 17 | E20: =K20+(R2*H20) -> 0.7088 | F20: =L20+(R2*I20) -> 2.7463 | H20: -0.0051 | I20: 0.0086 | K20: 0.7088 | L20: 2.7463 | M20: 7 | N20: =E52 -> 2.9 | O20: =F52 -> 0 | W20: 3 | X20: 17 | Y20: =AA20+5 -> 5.7088 | Z20: =AB20 -> 2.7463 | AA20: =AI20+(AP2*AD20) -> 0.7088 | AB20: =AJ20+(AP2*AE20) -> 2.7463 | AD20: -0.0051 | AE20: 0.0086 | AG20: =AI20+5 -> 5.7088 | AH20: =AJ20 -> 2.7463 | AI20: 0.7088 | AJ20: 2.7463 | AK20: 7 | AL20: =Y52 -> 7.9 | AM20: =Z52 -> 0 | AV20: =E23 -> 0.9807 | AW20: =F23 -> 2.872 | AY20: =Y23 -> 5.9807 | AZ20: =Z23 -> 2.872
A21: 3 | B21: 18 | E21: =K21+(R2*H21) -> 0.7965 | F21: =L21+(R2*I21) -> 2.7944 | H21: -0.00452 | I21: 0.00894 | K21: 0.7965 | L21: 2.7944 | N21: =K52 -> 2.9 | O21: =L52 -> 0 | W21: 3 | X21: 18 | Y21: =AA21+5 -> 5.7965 | Z21: =AB21 -> 2.7944 | AA21: =AI21+(AP2*AD21) -> 0.7965 | AB21: =AJ21+(AP2*AE21) -> 2.7944 | AD21: -0.00452 | AE21: 0.00894 | AG21: =AI21+5 -> 5.7965 | AH21: =AJ21 -> 2.7944 | AI21: 0.7965 | AJ21: 2.7944 | AL21: =AG52 -> 7.9 | AM21: =AH52 -> 0 | AV21: =E24 -> 1.0763 | AW21: =F24 -> 2.901 | AY21: =Y24 -> 6.0763 | AZ21: =Z24 -> 2.901
A22: 4 | B22: 19 | E22: =K22+(S2*H22) -> 0.8872 | F22: =L22+(S2*I22) -> 2.8364 | H22: -0.00388 | I22: 0.00922 | K22: 0.8872 | L22: 2.8364 | W22: 4 | X22: 19 | Y22: =AA22+5 -> 5.8872 | Z22: =AB22 -> 2.8364 | AA22: =AI22+(AQ2*AD22) -> 0.8872 | AB22: =AJ22+(AQ2*AE22) -> 2.8364 | AD22: -0.00388 | AE22: 0.00922 | AG22: =AI22+5 -> 5.8872 | AH22: =AJ22 -> 2.8364 | AI22: 0.8872 | AJ22: 2.8364 | AV22: =E25 -> 1.1738 | AW22: =F25 -> 2.9234 | AY22: =Y25 -> 6.1738 | AZ22: =Z25 -> 2.9234
A23: 4 | B23: 20 | E23: =K23+(R2*H23) -> 0.9807 | F23: =L23+(S2*I23) -> 2.872 | H23: -0.00324 | I23: 0.00946 | K23: 0.9807 | L23: 2.872 | W23: 4 | X23: 20 | Y23: =AA23+5 -> 5.9807 | Z23: =AB23 -> 2.872 | AA23: =AI23+(AP2*AD23) -> 0.9807 | AB23: =AJ23+(AQ2*AE23) -> 2.872 | AD23: -0.00324 | AE23: 0.00946 | AG23: =AI23+5 -> 5.9807 | AH23: =AJ23 -> 2.872 | AI23: 0.9807 | AJ23: 2.872 | AV23: =E26 -> 1.2725 | AW23: =F26 -> 2.9391 | AY23: =Y26 -> 6.2725 | AZ23: =Z26 -> 2.9391
A24: 4 | B24: 21 | E24: =K24+(S2*H24) -> 1.0763 | F24: =L24+(S2*I24) -> 2.901 | H24: -0.00258 | I24: 0.00966 | K24: 1.0763 | L24: 2.901 | W24: 4 | X24: 21 | Y24: =AA24+5 -> 6.0763 | Z24: =AB24 -> 2.901 | AA24: =AI24+(AQ2*AD24) -> 1.0763 | AB24: =AJ24+(AQ2*AE24) -> 2.901 | AD24: -0.00258 | AE24: 0.00966 | AG24: =AI24+5 -> 6.0763 | AH24: =AJ24 -> 2.901 | AI24: 1.0763 | AJ24: 2.901 | AV24: =E27 -> 1.3721 | AW24: =F27 -> 2.9478 | AY24: =Y27 -> 6.3721 | AZ24: =Z27 -> 2.9478
A25: 4 | B25: 22 | E25: =K25+(S2*H25) -> 1.1738 | F25: =L25+(S2*I25) -> 2.9234 | H25: -0.00192 | I25: 0.00982 | K25: 1.1738 | L25: 2.9234 | W25: 4 | X25: 22 | Y25: =AA25+5 -> 6.1738 | Z25: =AB25 -> 2.9234 | AA25: =AI25+(AQ2*AD25) -> 1.1738 | AB25: =AJ25+(AQ2*AE25) -> 2.9234 | AD25: -0.00192 | AE25: 0.00982 | AG25: =AI25+5 -> 6.1738 | AH25: =AJ25 -> 2.9234 | AI25: 1.1738 | AJ25: 2.9234 | AV25: =E28 -> 1.4721 | AW25: =F28 -> 2.9498 | AY25: =Y28 -> 6.4721 | AZ25: =Z28 -> 2.9498
A26: 4 | B26: 23 | E26: =K26+(S2*H26) -> 1.2725 | F26: =L26+(S2*I26) -> 2.9391 | H26: -0.00122 | I26: 0.00992 | K26: 1.2725 | L26: 2.9391 | W26: 4 | X26: 23 | Y26: =AA26+5 -> 6.2725 | Z26: =AB26 -> 2.9391 | AA26: =AI26+(AQ2*AD26) -> 1.2725 | AB26: =AJ26+(AQ2*AE26) -> 2.9391 | AD26: -0.00122 | AE26: 0.00992 | AG26: =AI26+5 -> 6.2725 | AH26: =AJ26 -> 2.9391 | AI26: 1.2725 | AJ26: 2.9391 | AV26: =E29 -> 1.5719 | AW26: =F29 -> 2.9448 | AY26: =Y29 -> 6.5719 | AZ26: =Z29 -> 2.9448
A27: 4 | B27: 24 | E27: =K27+(S2*H27) -> 1.3721 | F27: =L27+(S2*I27) -> 2.9478 | H27: -0.00054 | I27: 0.01 | K27: 1.3721 | L27: 2.9478 | W27: 4 | X27: 24 | Y27: =AA27+5 -> 6.3721 | Z27: =AB27 -> 2.9478 | AA27: =AI27+(AQ2*AD27) -> 1.3721 | AB27: =AJ27+(AQ2*AE27) -> 2.9478 | AD27: -0.00054 | AE27: 0.01 | AG27: =AI27+5 -> 6.3721 | AH27: =AJ27 -> 2.9478 | AI27: 1.3721 | AJ27: 2.9478 | AV27: =E30 -> 1.6712 | AW27: =F30 -> 2.9329 | AY27: =Y30 -> 6.6712 | AZ27: =Z30 -> 2.9329
A28: 4 | B28: 25 | E28: =K28+(S2*H28) -> 1.4721 | F28: =L28+(S2*I28) -> 2.9498 | H28: 0.00014 | I28: 0.00998 | K28: 1.4721 | L28: 2.9498 | W28: 4 | X28: 25 | Y28: =AA28+5 -> 6.4721 | Z28: =AB28 -> 2.9498 | AA28: =AI28+(AQ2*AD28) -> 1.4721 | AB28: =AJ28+(AQ2*AE28) -> 2.9498 | AD28: 0.00014 | AE28: 0.00998 | AG28: =AI28+5 -> 6.4721 | AH28: =AJ28 -> 2.9498 | AI28: 1.4721 | AJ28: 2.9498 | AV28: =E31 -> 1.7694 | AW28: =F31 -> 2.9142 | AY28: =Y31 -> 6.7694 | AZ28: =Z31 -> 2.9142
A29: 4 | B29: 26 | E29: =K29+(S2*H29) -> 1.5719 | F29: =L29+(S2*I29) -> 2.9448 | H29: 0.00084 | I29: 0.00996 | K29: 1.5719 | L29: 2.9448 | W29: 4 | X29: 26 | Y29: =AA29+5 -> 6.5719 | Z29: =AB29 -> 2.9448 | AA29: =AI29+(AQ2*AD29) -> 1.5719 | AB29: =AJ29+(AQ2*AE29) -> 2.9448 | AD29: 0.00084 | AE29: 0.00996 | AG29: =AI29+5 -> 6.5719 | AH29: =AJ29 -> 2.9448 | AI29: 1.5719 | AJ29: 2.9448 | AV29: =E32 -> 1.8661 | AW29: =F32 -> 2.8888 | AY29: =Y32 -> 6.8661 | AZ29: =Z32 -> 2.8888
A30: 4 | B30: 27 | E30: =K30+(S2*H30) -> 1.6712 | F30: =L30+(S2*I30) -> 2.9329 | H30: 0.00152 | I30: 0.00988 | K30: 1.6712 | L30: 2.9329 | W30: 4 | X30: 27 | Y30: =AA30+5 -> 6.6712 | Z30: =AB30 -> 2.9329 | AA30: =AI30+(AQ2*AD30) -> 1.6712 | AB30: =AJ30+(AQ2*AE30) -> 2.9329 | AD30: 0.00152 | AE30: 0.00988 | AG30: =AI30+5 -> 6.6712 | AH30: =AJ30 -> 2.9329 | AI30: 1.6712 | AJ30: 2.9329 | AV30: =E33 -> 1.9608 | AW30: =F33 -> 2.8569 | AY30: =Y33 -> 6.9608 | AZ30: =Z33 -> 2.8569
A31: 4 | B31: 28 | E31: =K31+(S2*H31) -> 1.7694 | F31: =L31+(S2*I31) -> 2.9142 | H31: 0.0022 | I31: 0.00976 | K31: 1.7694 | L31: 2.9142 | W31: 4 | X31: 28 | Y31: =AA31+5 -> 6.7694 | Z31: =AB31 -> 2.9142 | AA31: =AI31+(AQ2*AD31) -> 1.7694 | AB31: =AJ31+(AQ2*AE31) -> 2.9142 | AD31: 0.0022 | AE31: 0.00976 | AG31: =AI31+5 -> 6.7694 | AH31: =AJ31 -> 2.9142 | AI31: 1.7694 | AJ31: 2.9142 | AV31: =E34 -> 2.0531 | AW31: =F34 -> 2.8184 | AY31: =Y34 -> 7.0531 | AZ31: =Z34 -> 2.8184
A32: 4 | B32: 29 | E32: =K32+(S2*H32) -> 1.8661 | F32: =L32+(S2*I32) -> 2.8888 | H32: 0.00288 | I32: 0.00958 | K32: 1.8661 | L32: 2.8888 | W32: 4 | X32: 29 | Y32: =AA32+5 -> 6.8661 | Z32: =AB32 -> 2.8888 | AA32: =AI32+(AQ2*AD32) -> 1.8661 | AB32: =AJ32+(AQ2*AE32) -> 2.8888 | AD32: 0.00288 | AE32: 0.00958 | AG32: =AI32+5 -> 6.8661 | AH32: =AJ32 -> 2.8888 | AI32: 1.8661 | AJ32: 2.8888 | AV32: =E35 -> 2.1426 | AW32: =F35 -> 2.7737 | AY32: =Y35 -> 7.1426 | AZ32: =Z35 -> 2.7737
A33: 5 | B33: 30 | E33: =K33+(T2*H33) -> 1.9608 | F33: =L33+(T2*I33) -> 2.8569 | H33: 0.00354 | I33: 0.00934 | K33: 1.9608 | L33: 2.8569 | W33: 5 | X33: 30 | Y33: =AA33+5 -> 6.9608 | Z33: =AB33 -> 2.8569 | AA33: =AI33+(AR2*AD33) -> 1.9608 | AB33: =AJ33+(AR2*AE33) -> 2.8569 | AD33: 0.00354 | AE33: 0.00934 | AG33: =AI33+5 -> 6.9608 | AH33: =AJ33 -> 2.8569 | AI33: 1.9608 | AJ33: 2.8569 | AV33: =E36 -> 2.2287 | AW33: =F36 -> 2.7229 | AY33: =Y36 -> 7.2287 | AZ33: =Z36 -> 2.7229
A34: 5 | B34: 31 | E34: =K34+(T2*H34) -> 2.0531 | F34: =L34+(T2*I34) -> 2.8184 | H34: 0.00416 | I34: 0.0091 | K34: 2.0531 | L34: 2.8184 | W34: 5 | X34: 31 | Y34: =AA34+5 -> 7.0531 | Z34: =AB34 -> 2.8184 | AA34: =AI34+(AR2*AD34) -> 2.0531 | AB34: =AJ34+(AR2*AE34) -> 2.8184 | AD34: 0.00416 | AE34: 0.0091 | AG34: =AI34+5 -> 7.0531 | AH34: =AJ34 -> 2.8184 | AI34: 2.0531 | AJ34: 2.8184 | AV34: =E37 -> 2.3111 | AW34: =F37 -> 2.6663 | AY34: =Y37 -> 7.3111 | AZ34: =Z37 -> 2.6663
A35: 5 | B35: 32 | E35: =K35+(T2*H35) -> 2.1426 | F35: =L35+(T2*I35) -> 2.7737 | H35: 0.00476 | I35: 0.00878 | K35: 2.1426 | L35: 2.7737 | W35: 5 | X35: 32 | Y35: =AA35+5 -> 7.1426 | Z35: =AB35 -> 2.7737 | AA35: =AI35+(AR2*AD35) -> 2.1426 | AB35: =AJ35+(AR2*AE35) -> 2.7737 | AD35: 0.00476 | AE35: 0.00878 | AG35: =AI35+5 -> 7.1426 | AH35: =AJ35 -> 2.7737 | AI35: 2.1426 | AJ35: 2.7737 | AV35: =E38 -> 2.3894 | AW35: =F38 -> 2.6042 | AY35: =Y38 -> 7.3894 | AZ35: =Z38 -> 2.6042
A36: 5 | B36: 33 | E36: =K36+(T2*H36) -> 2.2287 | F36: =L36+(T2*I36) -> 2.7229 | H36: 0.00536 | I36: 0.00844 | K36: 2.2287 | L36: 2.7229 | W36: 5 | X36: 33 | Y36: =AA36+5 -> 7.2287 | Z36: =AB36 -> 2.7229 | AA36: =AI36+(AR2*AD36) -> 2.2287 | AB36: =AJ36+(AR2*AE36) -> 2.7229 | AD36: 0.00536 | AE36: 0.00844 | AG36: =AI36+5 -> 7.2287 | AH36: =AJ36 -> 2.7229 | AI36: 2.2287 | AJ36: 2.7229 | AV36: =E39 -> 2.4633 | AW36: =F39 -> 2.5368 | AY36: =Y39 -> 7.4633 | AZ36: =Z39 -> 2.5368
A37: 5 | B37: 34 | E37: =K37+(T2*H37) -> 2.3111 | F37: =L37+(T2*I37) -> 2.6663 | H37: 0.00594 | I37: 0.00806 | K37: 2.3111 | L37: 2.6663 | W37: 5 | X37: 34 | Y37: =AA37+5 -> 7.3111 | Z37: =AB37 -> 2.6663 | AA37: =AI37+(AR2*AD37) -> 2.3111 | AB37: =AJ37+(AR2*AE37) -> 2.6663 | AD37: 0.00594 | AE37: 0.00806 | AG37: =AI37+5 -> 7.3111 | AH37: =AJ37 -> 2.6663 | AI37: 2.3111 | AJ37: 2.6663 | AV37: =E40 -> 2.5323 | AW37: =F40 -> 2.4645 | AY37: =Y40 -> 7.5323 | AZ37: =Z40 -> 2.4645
A38: 5 | B38: 35 | E38: =K38+(T2*H38) -> 2.3894 | F38: =L38+(T2*I38) -> 2.6042 | H38: 0.00648 | I38: 0.00762 | K38: 2.3894 | L38: 2.6042 | W38: 5 | X38: 35 | Y38: =AA38+5 -> 7.3894 | Z38: =AB38 -> 2.6042 | AA38: =AI38+(AR2*AD38) -> 2.3894 | AB38: =AJ38+(AR2*AE38) -> 2.6042 | AD38: 0.00648 | AE38: 0.00762 | AG38: =AI38+5 -> 7.3894 | AH38: =AJ38 -> 2.6042 | AI38: 2.3894 | AJ38: 2.6042 | AV38: =E41 -> 2.5962 | AW38: =F41 -> 2.3876 | AY38: =Y41 -> 7.5962 | AZ38: =Z41 -> 2.3876
A39: 5 | B39: 36 | E39: =K39+(T2*H39) -> 2.4633 | F39: =L39+(U2*I39) -> 2.5368 | H39: 0.007 | I39: 0.007 | K39: 2.4633 | L39: 2.5368 | W39: 5 | X39: 36 | Y39: =AA39+5 -> 7.4633 | Z39: =AB39 -> 2.5368 | AA39: =AI39+(AR2*AD39) -> 2.4633 | AB39: =AJ39+(AS2*AE39) -> 2.5368 | AD39: 0.007 | AE39: 0.007 | AG39: =AI39+5 -> 7.4633 | AH39: =AJ39 -> 2.5368 | AI39: 2.4633 | AJ39: 2.5368 | AV39: =E42 -> 2.6547 | AW39: =F42 -> 2.3065 | AY39: =Y42 -> 7.6547 | AZ39: =Z42 -> 2.3065
A40: 5 | B40: 37 | E40: =K40+(T2*H40) -> 2.5323 | F40: =L40+(T2*I40) -> 2.4645 | H40: 0.00748 | I40: 0.00666 | K40: 2.5323 | L40: 2.4645 | W40: 5 | X40: 37 | Y40: =AA40+5 -> 7.5323 | Z40: =AB40 -> 2.4645 | AA40: =AI40+(AR2*AD40) -> 2.5323 | AB40: =AJ40+(AR2*AE40) -> 2.4645 | AD40: 0.00748 | AE40: 0.00666 | AG40: =AI40+5 -> 7.5323 | AH40: =AJ40 -> 2.4645 | AI40: 2.5323 | AJ40: 2.4645 | AV40: =E43 -> 2.7074 | AW40: =F43 -> 2.2215 | AY40: =Y43 -> 7.7074 | AZ40: =Z43 -> 2.2215
A41: 5 | B41: 38 | E41: =K41+(T2*H41) -> 2.5962 | F41: =L41+(T2*I41) -> 2.3876 | H41: 0.00792 | I41: 0.00612 | K41: 2.5962 | L41: 2.3876 | W41: 5 | X41: 38 | Y41: =AA41+5 -> 7.5962 | Z41: =AB41 -> 2.3876 | AA41: =AI41+(AR2*AD41) -> 2.5962 | AB41: =AJ41+(AR2*AE41) -> 2.3876 | AD41: 0.00792 | AE41: 0.00612 | AG41: =AI41+5 -> 7.5962 | AH41: =AJ41 -> 2.3876 | AI41: 2.5962 | AJ41: 2.3876 | AV41: =E44 -> 2.7541 | AW41: =F44 -> 2.1332 | AY41: =Y44 -> 7.7541 | AZ41: =Z44 -> 2.1332
A42: 5 | B42: 39 | E42: =K42+(T2*H42) -> 2.6547 | F42: =L42+(T2*I42) -> 2.3065 | H42: 0.0083 | I42: 0.00556 | K42: 2.6547 | L42: 2.3065 | W42: 5 | X42: 39 | Y42: =AA42+5 -> 7.6547 | Z42: =AB42 -> 2.3065 | AA42: =AI42+(AR2*AD42) -> 2.6547 | AB42: =AJ42+(AR2*AE42) -> 2.3065 | AD42: 0.0083 | AE42: 0.00556 | AG42: =AI42+5 -> 7.6547 | AH42: =AJ42 -> 2.3065 | AI42: 2.6547 | AJ42: 2.3065 | AV42: =E45 -> 2.7947 | AW42: =F45 -> 2.0418 | AY42: =Y45 -> 7.7947 | AZ42: =Z45 -> 2.0418
A43: 5 | B43: 40 | E43: =K43+(T2*H43) -> 2.7074 | F43: =L43+(T2*I43) -> 2.2215 | H43: 0.00868 | I43: 0.00498 | K43: 2.7074 | L43: 2.2215 | W43: 5 | X43: 40 | Y43: =AA43+5 -> 7.7074 | Z43: =AB43 -> 2.2215 | AA43: =AI43+(AR2*AD43) -> 2.7074 | AB43: =AJ43+(AR2*AE43) -> 2.2215 | AD43: 0.00868 | AE43: 0.00498 | AG43: =AI43+5 -> 7.7074 | AH43: =AJ43 -> 2.2215 | AI43: 2.7074 | AJ43: 2.2215 | AV43: =E46 -> 2.8288 | AW43: =F46 -> 1.9478 | AY43: =Y46 -> 7.8288 | AZ43: =Z46 -> 1.9478
A44: 5 | B44: 41 | E44: =K44+(T2*H44) -> 2.7541 | F44: =L44+(T2*I44) -> 2.1332 | H44: 0.009 | I44: 0.00436 | K44: 2.7541 | L44: 2.1332 | W44: 5 | X44: 41 | Y44: =AA44+5 -> 7.7541 | Z44: =AB44 -> 2.1332 | AA44: =AI44+(AR2*AD44) -> 2.7541 | AB44: =AJ44+(AR2*AE44) -> 2.1332 | AD44: 0.009 | AE44: 0.00436 | AG44: =AI44+5 -> 7.7541 | AH44: =AJ44 -> 2.1332 | AI44: 2.7541 | AJ44: 2.1332 | AV44: =E47 -> 2.8564 | AW44: =F47 -> 1.8517 | AY44: =Y47 -> 7.8564 | AZ44: =Z47 -> 1.8517
A45: 6 | B45: 42 | E45: =K45+(U2*H45) -> 2.7947 | F45: =L45+(U2*I45) -> 2.0418 | H45: 0.00928 | I45: 0.00372 | K45: 2.7947 | L45: 2.0418 | W45: 6 | X45: 42 | Y45: =AA45+5 -> 7.7947 | Z45: =AB45 -> 2.0418 | AA45: =AI45+(AS2*AD45) -> 2.7947 | AB45: =AJ45+(AS2*AE45) -> 2.0418 | AD45: 0.00928 | AE45: 0.00372 | AG45: =AI45+5 -> 7.7947 | AH45: =AJ45 -> 2.0418 | AI45: 2.7947 | AJ45: 2.0418 | AV45: =E48 -> 2.8773 | AW45: =F48 -> 1.7539 | AY45: =Y48 -> 7.8773 | AZ45: =Z48 -> 1.7539
A46: 6 | B46: 43 | E46: =K46+(U2*H46) -> 2.8288 | F46: =L46+(U2*I46) -> 1.9478 | H46: 0.00952 | I46: 0.00308 | K46: 2.8288 | L46: 1.9478 | W46: 6 | X46: 43 | Y46: =AA46+5 -> 7.8288 | Z46: =AB46 -> 1.9478 | AA46: =AI46+(AS2*AD46) -> 2.8288 | AB46: =AJ46+(AS2*AE46) -> 1.9478 | AD46: 0.00952 | AE46: 0.00308 | AG46: =AI46+5 -> 7.8288 | AH46: =AJ46 -> 1.9478 | AI46: 2.8288 | AJ46: 1.9478 | AV46: =E49 -> 2.8914 | AW46: =F49 -> 1.6549 | AY46: =Y49 -> 7.8914 | AZ46: =Z49 -> 1.6549
A47: 6 | B47: 44 | E47: =K47+(U2*H47) -> 2.8564 | F47: =L47+(U2*I47) -> 1.8517 | H47: 0.0097 | I47: 0.00242 | K47: 2.8564 | L47: 1.8517 | W47: 6 | X47: 44 | Y47: =AA47+5 -> 7.8564 | Z47: =AB47 -> 1.8517 | AA47: =AI47+(AS2*AD47) -> 2.8564 | AB47: =AJ47+(AS2*AE47) -> 1.8517 | AD47: 0.0097 | AE47: 0.00242 | AG47: =AI47+5 -> 7.8564 | AH47: =AJ47 -> 1.8517 | AI47: 2.8564 | AJ47: 1.8517 | AV47: =E50 -> 2.8987 | AW47: =F50 -> 1.5552 | AY47: =Y50 -> 7.8987 | AZ47: =Z50 -> 1.5552
A48: 6 | B48: 45 | E48: =K48+(U2*H48) -> 2.8773 | F48: =L48+(U2*I48) -> 1.7539 | H48: 0.00984 | I48: 0.00176 | K48: 2.8773 | L48: 1.7539 | W48: 6 | X48: 45 | Y48: =AA48+5 -> 7.8773 | Z48: =AB48 -> 1.7539 | AA48: =AI48+(AS2*AD48) -> 2.8773 | AB48: =AJ48+(AS2*AE48) -> 1.7539 | AD48: 0.00984 | AE48: 0.00176 | AG48: =AI48+5 -> 7.8773 | AH48: =AJ48 -> 1.7539 | AI48: 2.8773 | AJ48: 1.7539 | AV48: =E51 -> 2.9 | AW48: =F51 -> 1.5 | AY48: =Y51 -> 7.9 | AZ48: =Z51 -> 1.5
A49: 6 | B49: 46 | E49: =K49+(U2*H49) -> 2.8914 | F49: =L49+(U2*I49) -> 1.6549 | H49: 0.00994 | I49: 0.00108 | K49: 2.8914 | L49: 1.6549 | W49: 6 | X49: 46 | Y49: =AA49+5 -> 7.8914 | Z49: =AB49 -> 1.6549 | AA49: =AI49+(AS2*AD49) -> 2.8914 | AB49: =AJ49+(AS2*AE49) -> 1.6549 | AD49: 0.00994 | AE49: 0.00108 | AG49: =AI49+5 -> 7.8914 | AH49: =AJ49 -> 1.6549 | AI49: 2.8914 | AJ49: 1.6549 | AV49: =E52 -> 2.9 | AW49: =F52 -> 0 | AY49: =Y52 -> 7.9 | AZ49: =Z52 -> 0
A50: 6 | B50: 47 | E50: =K50+(U2*H50) -> 2.8987 | F50: =L50+(U2*I50) -> 1.5552 | H50: 0.00998 | I50: 0.00038 | K50: 2.8987 | L50: 1.5552 | W50: 6 | X50: 47 | Y50: =AA50+5 -> 7.8987 | Z50: =AB50 -> 1.5552 | AA50: =AI50+(AS2*AD50) -> 2.8987 | AB50: =AJ50+(AS2*AE50) -> 1.5552 | AD50: 0.00998 | AE50: 0.00038 | AG50: =AI50+5 -> 7.8987 | AH50: =AJ50 -> 1.5552 | AI50: 2.8987 | AJ50: 1.5552 | AV50: =E53 -> 2.9 | AW50: =F53 -> 0 | AY50: =Y53 -> 7.9 | AZ50: =Z53 -> 0
A51: 6 | B51: 48 | E51: =K51+(U2*H51) -> 2.9 | F51: =L51+(U2*I51) -> 1.5 | H51: 0.01 | I51: 0 | K51: 2.9 | L51: 1.5 | W51: 6 | X51: 48 | Y51: =AA51+5 -> 7.9 | Z51: =AB51 -> 1.5 | AA51: =AI51+(AS2*AD51) -> 2.9 | AB51: =AJ51+(AS2*AE51) -> 1.5 | AD51: 0.01 | AE51: 0 | AG51: =AI51+5 -> 7.9 | AH51: =AJ51 -> 1.5 | AI51: 2.9 | AJ51: 1.5 | AV51: =E54 -> 2.9 | AW51: =F54 -> 1.5 | AY51: =Y54 -> 7.9 | AZ51: =Z54 -> 1.5
A52: 7 | B52: 49 | E52: =K52+(V2*H52) -> 2.9 | F52: =L52+(V2*I52) -> 0 | H52: 0.01 | I52: 0 | K52: 2.9 | L52: 0 | W52: 7 | X52: 49 | Y52: =AA52+5 -> 7.9 | Z52: =AB52 -> 0 | AA52: =AI52+(AT2*AD52) -> 2.9 | AB52: =AJ52+(AT2*AE52) -> 0 | AD52: 0.01 | AE52: 0 | AG52: =AI52+5 -> 7.9 | AH52: =AJ52 -> 0 | AI52: 2.9 | AJ52: 0 | AV52: =E55 -> 2.8987 | AW52: =F55 -> 1.5552 | AY52: =Y55 -> 7.8987 | AZ52: =Z55 -> 1.5552
E53: 2.9 | F53: 0 | Y53: =AA53+5 -> 7.9 | Z53: =AB53 -> 0 | AA53: 2.9 | AB53: 0 | AV53: =E56 -> 2.8914 | AW53: =F56 -> 1.6549 | AY53: =Y56 -> 7.8914 | AZ53: =Z56 -> 1.6549
E54: 2.9 | F54: 1.5 | Y54: =AA54+5 -> 7.9 | Z54: =AB54 -> 1.5 | AA54: 2.9 | AB54: 1.5 | AV54: =E57 -> 2.8773 | AW54: =F57 -> 1.7539 | AY54: =Y57 -> 7.8773 | AZ54: =Z57 -> 1.7539
E55: 2.8987 | F55: 1.5552 | Y55: =AA55+5 -> 7.8987 | Z55: =AB55 -> 1.5552 | AA55: 2.8987 | AB55: 1.5552 | AV55: =E58 -> 2.8564 | AW55: =F58 -> 1.8517 | AY55: =Y58 -> 7.8564 | AZ55: =Z58 -> 1.8517
E56: 2.8914 | F56: 1.6549 | Y56: =AA56+5 -> 7.8914 | Z56: =AB56 -> 1.6549 | AA56: 2.8914 | AB56: 1.6549 | AV56: =E59 -> 2.8288 | AW56: =F59 -> 1.9478 | AY56: =Y59 -> 7.8288 | AZ56: =Z59 -> 1.9478
E57: 2.8773 | F57: 1.7539 | Y57: =AA57+5 -> 7.8773 | Z57: =AB57 -> 1.7539 | AA57: 2.8773 | AB57: 1.7539 | AV57: =E60 -> 2.7947 | AW57: =F60 -> 2.0418 | AY57: =Y60 -> 7.7947 | AZ57: =Z60 -> 2.0418
E58: 2.8564 | F58: 1.8517 | Y58: =AA58+5 -> 7.8564 | Z58: =AB58 -> 1.8517 | AA58: 2.8564 | AB58: 1.8517 | AV58: =E61 -> 2.7541 | AW58: =F61 -> 2.1332 | AY58: =Y61 -> 7.7541 | AZ58: =Z61 -> 2.1332
E59: 2.8288 | F59: 1.9478 | Y59: =AA59+5 -> 7.8288 | Z59: =AB59 -> 1.9478 | AA59: 2.8288 | AB59: 1.9478 | AV59: =E62 -> 2.7074 | AW59: =F62 -> 2.2215 | AY59: =Y62 -> 7.7074 | AZ59: =Z62 -> 2.2215
E60: 2.7947 | F60: 2.0418 | Y60: =AA60+5 -> 7.7947 | Z60: =AB60 -> 2.0418 | AA60: 2.7947 | AB60: 2.0418 | AV60: =E63 -> 2.6547 | AW60: =F63 -> 2.3065 | AY60: =Y63 -> 7.6547 | AZ60: =Z63 -> 2.3065
E61: 2.7541 | F61: 2.1332 | Y61: =AA61+5 -> 7.7541 | Z61: =AB61 -> 2.1332 | AA61: 2.7541 | AB61: 2.1332 | AV61: =E64 -> 2.5962 | AW61: =F64 -> 2.3876 | AY61: =Y64 -> 7.5962 | AZ61: =Z64 -> 2.3876
E62: 2.7074 | F62: 2.2215 | Y62: =AA62+5 -> 7.7074 | Z62: =AB62 -> 2.2215 | AA62: 2.7074 | AB62: 2.2215 | AV62: =E65 -> 2.5323 | AW62: =F65 -> 2.4645 | AY62: =Y65 -> 7.5323 | AZ62: =Z65 -> 2.4645
E63: 2.6547 | F63: 2.3065 | Y63: =AA63+5 -> 7.6547 | Z63: =AB63 -> 2.3065 | AA63: 2.6547 | AB63: 2.3065 | AV63: =E66 -> 2.4633 | AW63: =F66 -> 2.5368 | AY63: =Y66 -> 7.4633 | AZ63: =Z66 -> 2.5368
E64: 2.5962 | F64: 2.3876 | Y64: =AA64+5 -> 7.5962 | Z64: =AB64 -> 2.3876 | AA64: 2.5962 | AB64: 2.3876 | AV64: =E67 -> 2.3894 | AW64: =F67 -> 2.6042 | AY64: =Y67 -> 7.3894 | AZ64: =Z67 -> 2.6042
... E99: 0.0032 | F99: 1.5998 | Y99: =AA99+5 -> 5.0032 | Z99: =AB99 -> 1.5998 | AA99: 0.0032 | AB99: 1.5998 | AV99: =E102 -> 0 | AW99: =F102 -> 0 | AY99: =Y102 -> 5 | AZ99: =Z102 -> 0
E100: 0 | F100: 1.5 | Y100: =AA100+5 -> 5 | Z100: =AB100 -> 1.5 | AA100: 0 | AB100: 1.5
E101: 0 | F101: 0 | Y101: =AA101+5 -> 5 | Z101: =AB101 -> 0 | AA101: 0 | AB101: 0
E102: =E4 -> 0 | F102: =F4 -> 0 | Y102: =AA102+5 -> 5 | Z102: =AB102 -> 0 | AA102: =AA4 -> 0 | AB102: =AB4 -> 0

Sheet DATA
D1: تایخ | E1: 06/07 | F1: 1405 | K1: نقطه | L1: کیلومتراژ | M1: X | N1: Y | O1: Z | U1: روز | V1: تاریخ
A2: پروژه احداث تونل و کانال کابل ارتباطی | D2: ایام هفته : | E2: =LOOKUP(E1,V:V,U:U) -> شنبه | K2: 200 | L2: 227 | M2: 733569 | N2: 4017781.7 | O2: 962.926 | U2: شنبه | V2: 01/01
A3: شفت | B3: سمت | C3: فعالیت | D3: نقطه قبلی | E3: طول | F3: نقطه فعلی | G3: طول | K3: 201 | L3: 228.2 | M3: 733568.26 | N3: 4017782.6 | O3: 962.918 | U3: یکشنبه | V3: 01/02
A4: شفت 1 | B4: 1-0 | C4: جبهه کاری حفاری | D4: 306 | E4: 110 | F4: =D4-I4 -> 306 | G4: 14 | I4: 0 | J4: =F4+1 -> 307 | K4: 202 | L4: 229.4 | M4: 733567.53 | N4: 4017783.6 | O4: 962.914 | U4: دوشنبه | V4: 01/03
K5: 203 | L5: 230.6 | M5: 733566.79 | N5: 4017784.5 | O5: 962.909 | U5: سه شنبه | V5: 01/04
K6: 204 | L6: 231.8 | M6: 733566.06 | N6: 4017785.5 | O6: 962.905 | U6: چهارشنبه | V6: 01/05
B7: 1-2 | C7: جبهه کاری حفاری | D7: 316 | E7: 11 | F7: =D7+I7 -> 317 | G7: 9 | I7: 1 | J7: =F7+1 -> 318 | K7: 205 | L7: 233 | M7: 733565.32 | N7: 4017786.4 | O7: 962.9 | U7: پنج شنبه | V7: 01/06
K8: 206 | L8: 234.2 | M8: 733564.58 | N8: 4017787.4 | O8: 962.896 | U8: جمعه | V8: 01/07
K9: 207 | L9: 235.4 | M9: 733563.85 | N9: 4017788.3 | O9: 962.891 | U9: شنبه | V9: 01/08
A10: شفت 2 | B10: 2-1 | C10: جبهه کاری حفاری | D10: 497 | E10: 0 | F10: =D10-I10 -> 496 | G10: 35 | I10: 1 | J10: =F10+1 -> 497 | K10: 208 | L10: 236.6 | M10: 733563.11 | N10: 4017789.3 | O10: 962.887 | U10: یکشنبه | V10: 01/09
H11: 0 | K11: 209 | L11: 237.8 | M11: 733562.38 | N11: 4017790.2 | O11: 962.883 | U11: دوشنبه | V11: 01/10
K12: 210 | L12: 239 | M12: 733561.64 | N12: 4017791.2 | O12: 962.883 | U12: سه شنبه | V12: 01/11
B13: 2-3 | C13: جبهه کاری حفاری | D13: 499 | E13: 5 | F13: =D13+I13 -> 499 | G13: 5 | I13: 0 | J13: =F13+1 -> 500 | K13: 211 | L13: 240.2 | M13: 733560.91 | N13: 4017792.1 | O13: 962.874 | U13: چهارشنبه | V13: 01/12
K14: 212 | L14: 241.4 | M14: 733560.17 | N14: 4017793.1 | O14: 962.869 | U14: پنج شنبه | V14: 01/13
K15: 213 | L15: 242.6 | M15: 733559.44 | N15: 4017794 | O15: 962.865 | U15: جمعه | V15: 01/14
A16: شفت 3 | B16: 3-2 | C16: جبهه کاری حفاری | D16: 767 | E16: 0 | F16: =D16-I16 -> 767 | G16: 0 | I16: 0 | J16: =F16+1 -> 768 | K16: 214 | L16: 243.8 | M16: 733558.7 | N16: 4017795 | O16: 962.86 | U16: شنبه | V16: 01/15
H17: 1 | K17: 215 | L17: 245 | M17: 733557.96 | N17: 4017795.9 | O17: 962.856 | U17: یکشنبه | V17: 01/16
K18: 216 | L18: 246.2 | M18: 733557.23 | N18: 4017796.9 | O18: 962.851 | U18: دوشنبه | V18: 01/17
B19: 3-4 | C19: جبهه کاری حفاری | D19: 767 | E19: 0 | F19: =D19+I19 -> 767 | G19: 0 | I19: 0 | J19: =F19+1 -> 768 | K19: 217 | L19: 247.4 | M19: 733556.49 | N19: 4017797.8 | O19: 962.847 | U19: دوشنبه | V19: 01/18
K20: 218 | L20: 248.6 | M20: 733555.76 | N20: 4017798.8 | O20: 962.842 | U20: سه شنبه | V20: 01/19
K21: 219 | L21: 249.8 | M21: 733555.02 | N21: 4017799.7 | O21: 962.838 | U21: چهارشنبه | V21: 01/20
A22: شفت 4 | B22: 4-3 | C22: جبهه کاری حفاری | D22: 5000 | E22: 0 | F22: =D22-I22 -> 5000 | G22: 0 | I22: 0 | J22: =F22+1 -> 5001 | K22: 220 | L22: 251 | M22: 733554.29 | N22: 4017800.7 | O22: 962.852 | U22: پنج شنبه | V22: 01/21
H23: 2 | K23: 221 | L23: 252.2 | M23: 733553.55 | N23: 4017801.6 | O23: 962.87 | U23: جمعه | V23: 01/28
K24: 222 | L24: 253.4 | M24: 733552.82 | N24: 4017802.6 | O24: 962.888 | U24: شنبه | V24: 01/29
B25: 4-5 | C25: جبهه کاری حفاری | D25: 5000 | E25: 0 | F25: =D25+I25 -> 5000 | G25: 0 | I25: 0 | J25: =F25+1 -> 5001 | K25: 223 | L25: 254.6 | M25: 733552.08 | N25: 4017803.5 | O25: 962.905 | U25: یکشنبه | V25: 01/30
K26: 224 | L26: 255.8 | M26: 733551.31 | N26: 4017804.4 | O26: 962.923 | U26: دوشنبه | V26: 01/31
K27: 225 | L27: 257 | M27: 733550.55 | N27: 4017805.4 | O27: 962.941 | U27: سه شنبه | V27: 02/01
K28: 226 | L28: 258.2 | M28: 733549.78 | N28: 4017806.3 | O28: 962.959 | U28: چهارشنبه | V28: 02/02
F29: h | K29: 227 | L29: 259.4 | M29: 733549.02 | N29: 4017807.2 | O29: 962.977 | U29: پنج شنبه | V29: 02/03
K30: 228 | L30: 260.6 | M30: 733548.25 | N30: 4017808.1 | O30: 962.995 | U30: جمعه | V30: 02/04
K31: 229 | L31: 261.8 | M31: 733547.48 | N31: 4017809 | O31: 963.012 | U31: شنبه | V31: 02/05
K32: 230 | L32: 263 | M32: 733546.72 | N32: 4017810 | O32: 963.03 | U32: یکشنبه | V32: 02/06
K33: 231 | L33: 264.2 | M33: 733545.95 | N33: 4017810.9 | O33: 963.048 | U33: دوشنبه | V33: 02/07
K34: 232 | L34: 265.4 | M34: 733545.19 | N34: 4017811.8 | O34: 963.066 | U34: سه شنبه | V34: 02/08
K35: 233 | L35: 266.6 | M35: 733544.42 | N35: 4017812.7 | O35: 963.084 | U35: چهارشنبه | V35: 02/09
K36: 234 | L36: 267.8 | M36: 733543.65 | N36: 4017813.7 | O36: 963.102 | U36: پنج شنبه | V36: 02/10
K37: 235 | L37: 269 | M37: 733542.89 | N37: 4017814.6 | O37: 963.119 | U37: جمعه | V37: 02/11
K38: 236 | L38: 270.2 | M38: 733542.12 | N38: 4017815.5 | O38: 963.137 | U38: شنبه | V38: 02/12
K39: 237 | L39: 271.4 | M39: 733541.36 | N39: 4017816.4 | O39: 963.155 | U39: یکشنبه | V39: 02/13
K40: 238 | L40: 272.6 | M40: 733540.59 | N40: 4017817.4 | O40: 963.173 | U40: دوشنبه | V40: 02/14
K41: 239 | L41: 273.8 | M41: 733539.82 | N41: 4017818.3 | O41: 963.191 | U41: سه شنبه | V41: 02/15
... K218: 416 | L218: 486.2 | M218: 733402.11 | N218: 4017979.4 | O218: 965.161 | U218: پنج شنبه | V218: 08/07
K219: 417 | L219: 489.8 | O219: 965.168 | U219: جمعه | V219: 08/08
K220: 418 | L220: 491 | O220: 965.174 | U220: شنبه | V220: 08/09
K221: 419 | L221: 492.2 | O221: 965.18 | U221: یکشنبه | V221: 08/10
K222: 420 | L222: 493.4 | O222: 965.186 | U222: دوشنبه | V222: 08/11
K223: 421 | L223: 494.6 | O223: 965.193 | U223: سه شنبه | V223: 08/12
K224: 422 | L224: 495.8 | O224: 965.199 | U224: چهارشنبه | V224: 08/13
K225: 423 | L225: 497 | O225: 965.205 | U225: پنج شنبه | V225: 08/14
K226: 424 | L226: 498.2 | O226: 965.212 | U226: جمعه | V226: 08/15
K227: 425 | L227: 499.4 | O227: 965.218 | U227: شنبه | V227: 08/16
K228: 426 | L228: 500.6 | O228: 965.218 | U228: یکشنبه | V228: 08/17
K229: 427 | L229: 501.8 | O229: 965.23 | U229: دوشنبه | V229: 08/18
K230: 428 | L230: 503 | O230: 965.237 | U230: سه شنبه | V230: 08/19
... K232: 430 | L232: 505.4 | O232: 965.249 | U232: پنج شنبه | V232: 08/21
K233: 431 | L233: 506.6 | M233: 733388.86 | N233: 4017994.9 | O233: 965.255 | U233: جمعه | V233: 08/22
K234: 432 | L234: 507.8 | M234: 733388.08 | N234: 4017995.8 | O234: 965.262 | U234: شنبه | V234: 08/23
K235: 433 | L235: 509 | M235: 733387.3 | N235: 4017996.7 | O235: 965.268 | U235: یکشنبه | V235: 08/24
K236: 434 | L236: 510.2 | M236: 733386.52 | N236: 4017997.6 | O236: 965.274 | U236: دوشنبه | V236: 08/25
K237: 435 | L237: 511.4 | M237: 733385.74 | N237: 4017998.5 | O237: 965.28 | U237: سه شنبه | V237: 08/26
K238: 436 | L238: 512.6 | M238: 733384.97 | N238: 4017999.4 | O238: 965.287 | U238: چهارشنبه | V238: 08/27
K239: 437 | L239: 513.8 | M239: 733384.19 | N239: 4018000.4 | O239: 965.293 | U239: پنج شنبه | V239: 08/28
K240: 438 | L240: 515 | M240: 733383.41 | N240: 4018001.3 | O240: 965.299 | U240: جمعه | V240: 08/29
K241: 439 | L241: 516.2 | M241: 733382.63 | N241: 4018002.2 | O241: 965.305 | U241: شنبه | V241: 08/30
K242: 440 | L242: 517.4 | M242: 733381.85 | N242: 4018003.1 | O242: 965.312 | U242: یکشنبه | V242: 09/01
K243: 441 | L243: 518.6 | M243: 733381.07 | N243: 4018004 | O243: 965.318 | U243: دوشنبه | V243: 09/02
K244: 442 | L244: 519.8 | M244: 733380.29 | N244: 4018004.9 | O244: 965.324 | U244: سه شنبه | V244: 09/03
... K294: 492 | L294: 579.8 | M294: 733344.42 | N294: 4018052.7 | O294: 965.637 | U294: چهارشنبه | V294: 10/23
K295: 493 | L295: 581 | M295: 733343.92 | N295: 4018053.8 | O295: 965.644 | U295: پنج شنبه
K296: 494 | L296: 582.2 | M296: 733343.42 | N296: 4018054.9 | O296: 965.65 | U296: جمعه | V296: 10/25
K297: 495 | L297: 583.4 | M297: 733342.93 | N297: 4018056 | O297: 965.656 | U297: شنبه | V297: 10/26
K298: 496 | L298: 584.6 | M298: 733342.35 | N298: 4018057.1 | O298: 965.663 | U298: یکشنبه | V298: 10/27
K299: 497 | L299: 585.8 | M299: 733341.62 | N299: 4018058 | O299: 965.669 | U299: دوشنبه | V299: 10/28
K300: 498 | L300: 587 | M300: 733340.83 | N300: 4018058.9 | O300: 965.669 | U300: سه شنبه | V300: 10/29
K301: 499 | L301: 588.2 | M301: 733340.05 | N301: 4018059.8 | O301: 965.66 | U301: چهارشنبه | V301: 10/30
K302: 500 | L302: 589.4 | M302: 733339.27 | N302: 4018060.7 | O302: 965.651 | U302: پنج شنبه | V302: 11/01
K303: 501 | L303: 590.6 | M303: 733338.49 | N303: 4018061.6 | O303: 965.643 | U303: جمعه | V303: 11/02
K304: 502 | L304: 591.8 | M304: 733337.71 | N304: 4018062.6 | O304: 965.634 | U304: شنبه | V304: 11/03
K305: 503 | L305: 593 | M305: 733336.95 | N305: 4018063.5 | O305: 965.625 | U305: یکشنبه | V305: 11/04
K306: 504 | L306: 594.2 | M306: 733336.18 | N306: 4018064.4 | O306: 965.617 | U306: دوشنبه | V306: 11/05
K307: 505 | L307: 595.4 | M307: 733335.42 | N307: 4018065.3 | O307: 965.608 | U307: سه شنبه | V307: 11/06
... K360: 758 | L360: 899 | M360: 733172.34 | N360: 4018306.6 | O360: 967.386 | U360: شنبه | V360: 12/29
K361: 759 | L361: 900.2 | M361: 733172.85 | N361: 4018307.7 | O361: 967.441
K362: 760 | L362: 901.4 | M362: 733173.36 | N362: 4018308.7 | O362: 967.496
K363: 761 | L363: 902.6 | M363: 733173.87 | N363: 4018309.8 | O363: 967.551
K364: 762 | L364: 903.8 | M364: 733174.38 | N364: 4018310.9 | O364: 967.606
K365: 763 | L365: 905 | M365: 733174.89 | N365: 4018312 | O365: 967.661
K366: 764 | L366: 906.2 | M366: 733175.4 | N366: 4018313.1 | O366: 967.716
K367: 765 | L367: 907.4 | M367: 733175.91 | N367: 4018314.2 | O367: 967.771
K368: 766 | L368: 908.6 | M368: 733176.43 | N368: 4018315.3 | O368: 967.826
K369: 767 | L369: 909.8 | M369: 733176.94 | N369: 4018316.3 | O369: 967.881
K370: 768 | L370: 911 | M370: 733176.94 | N370: 4018316.3 | O370: 967.874
K371: 769 | L371: 912.2 | M371: 733177.45 | N371: 4018317.4 | O371: 967.857
K372: 770 | L372: 913.4 | M372: 733177.96 | N372: 4018318.5 | O372: 967.841
... K413: 811 | L413: 962.6 | M413: 733198.92 | N413: 4018363 | O413: 967.149
K414: 5000 | L414: 1200

Sheet POINT
A1: =IF(N1>0,1,0) -> 1 | B1: =SUBSTITUTE(DATA!E1,"/","") -> 0607 | C1: =((LOOKUP(DATA!F4,DATA!K2:K1494,DATA!M2:M1494))) -> 733491.11 | D1: =((LOOKUP(DATA!F4,DATA!K2:K1494,DATA!N2:N1494))) -> 4017882.2 | E1: =((LOOKUP(DATA!F4,DATA!K2:K1494,DATA!O2:O1494))) -> 964.421 | F1: =((LOOKUP(DATA!J4,DATA!K2:K1494,DATA!M2:M1494))) -> 733490.41 | G1: =((LOOKUP(DATA!J4,DATA!K2:K1494,DATA!N2:N1494))) -> 4017883.2 | H1: =((LOOKUP(DATA!J4,DATA!K2:K1494,DATA!O2:O1494))) -> 964.439 | I1: =DATA!G4/100 -> 0.14 | J1: ='فرم نقشه برداری'!X5 -> 354.34 | K1: =IF(SQRT((F1-C1)^2+(G1-D1)^2+(H1-E1)^2)=0,C1,C1+(I1/SQRT((F1-C1)^2+(G1-D1)^2+(H1-E1)^2))*(F1-C1)) -> 733491.03 | L1: =IF(SQRT((F1-C1)^2+(G1-D1)^2+(H1-E1)^2)=0,D1,D1+(I1/SQRT((F1-C1)^2+(G1-D1)^2+(H1-E1)^2))*(G1-D1)) -> 4017882.3 | M1: =IF(SQRT((F1-C1)^2+(G1-D1)^2+(H1-E1)^2)=0,E1,E1+(I1/SQRT((F1-C1)^2+(G1-D1)^2+(H1-E1)^2))*(H1-E1)) -> 964.4231 | N1: ='فرم نقشه برداری'!Y5 -> 0.96
A2: =IF(N2>0,1,0) -> 1 | B2: =B1 -> 0607 | C2: =((LOOKUP(DATA!F7,DATA!K2:K1494,DATA!M2:M1494))) -> 733482.55 | D2: =((LOOKUP(DATA!F7,DATA!K2:K1494,DATA!N2:N1494))) -> 4017892.2 | E2: =((LOOKUP(DATA!F7,DATA!K2:K1494,DATA!O2:O1494))) -> 964.541 | F2: =((LOOKUP(DATA!J7,DATA!K2:K1494,DATA!M2:M1494))) -> 733481.68 | G2: =((LOOKUP(DATA!J7,DATA!K2:K1494,DATA!N2:N1494))) -> 4017893 | H2: =((LOOKUP(DATA!J7,DATA!K2:K1494,DATA!O2:O1494))) -> 964.548 | I2: =DATA!G7/100 -> 0.09 | J2: ='فرم نقشه برداری'!X6 -> 367.49 | K2: =IF(SQRT((F2-C2)^2+(G2-D2)^2+(H2-E2)^2)=0,C2,C2+(I2/SQRT((F2-C2)^2+(G2-D2)^2+(H2-E2)^2))*(F2-C2)) -> 733482.49 | L2: =IF(SQRT((F2-C2)^2+(G2-D2)^2+(H2-E2)^2)=0,D2,D2+(I2/SQRT((F2-C2)^2+(G2-D2)^2+(H2-E2)^2))*(G2-D2)) -> 4017892.3 | M2: =IF(SQRT((F2-C2)^2+(G2-D2)^2+(H2-E2)^2)=0,E2,E2+(I2/SQRT((F2-C2)^2+(G2-D2)^2+(H2-E2)^2))*(H2-E2)) -> 964.54153 | N2: ='فرم نقشه برداری'!Y6 -> 1.18
A3: =IF(N3>0,1,0) -> 1 | B3: =B2 -> 0607 | C3: =((LOOKUP(DATA!F10,DATA!K2:K1494,DATA!M2:M1494))) -> 733342.35 | D3: =((LOOKUP(DATA!F10,DATA!K2:K1494,DATA!N2:N1494))) -> 4018057.1 | E3: =((LOOKUP(DATA!F10,DATA!K2:K1494,DATA!O2:O1494))) -> 965.663 | F3: =((LOOKUP(DATA!J10,DATA!K2:K1494,DATA!M2:M1494))) -> 733341.62 | G3: =((LOOKUP(DATA!J10,DATA!K2:K1494,DATA!N2:N1494))) -> 4018058 | H3: =((LOOKUP(DATA!J10,DATA!K2:K1494,DATA!O2:O1494))) -> 965.669 | I3: =DATA!G10/100 -> 0.35 | J3: ='فرم نقشه برداری'!X7 -> 584.95 | K3: =IF(SQRT((F3-C3)^2+(G3-D3)^2+(H3-E3)^2)=0,C3,C3+(I3/SQRT((F3-C3)^2+(G3-D3)^2+(H3-E3)^2))*(F3-C3)) -> 733342.14 | L3: =IF(SQRT((F3-C3)^2+(G3-D3)^2+(H3-E3)^2)=0,D3,D3+(I3/SQRT((F3-C3)^2+(G3-D3)^2+(H3-E3)^2))*(G3-D3)) -> 4018057.3 | M3: =IF(SQRT((F3-C3)^2+(G3-D3)^2+(H3-E3)^2)=0,E3,E3+(I3/SQRT((F3-C3)^2+(G3-D3)^2+(H3-E3)^2))*(H3-E3)) -> 965.66475 | N3: ='فرم نقشه برداری'!Y7 -> 0.85
A4: =IF(N4>0,1,0) -> 0 | B4: =B3 -> 0607 | C4: =((LOOKUP(DATA!F13,DATA!K2:K1494,DATA!M2:M1494))) -> 733340.05 | D4: =((LOOKUP(DATA!F13,DATA!K2:K1494,DATA!N2:N1494))) -> 4018059.8 | E4: =((LOOKUP(DATA!F13,DATA!K2:K1494,DATA!O2:O1494))) -> 965.66 | F4: =((LOOKUP(DATA!J13,DATA!K2:K1494,DATA!M2:M1494))) -> 733339.27 | G4: =((LOOKUP(DATA!J13,DATA!K2:K1494,DATA!N2:N1494))) -> 4018060.7 | H4: =((LOOKUP(DATA!J13,DATA!K2:K1494,DATA!O2:O1494))) -> 965.651 | I4: =DATA!G13/100 -> 0.05 | J4: ='فرم نقشه برداری'!X8 -> 588.25 | K4: =IF(SQRT((F4-C4)^2+(G4-D4)^2+(H4-E4)^2)=0,C4,C4+(I4/SQRT((F4-C4)^2+(G4-D4)^2+(H4-E4)^2))*(F4-C4)) -> 733340.02 | L4: =IF(SQRT((F4-C4)^2+(G4-D4)^2+(H4-E4)^2)=0,D4,D4+(I4/SQRT((F4-C4)^2+(G4-D4)^2+(H4-E4)^2))*(G4-D4)) -> 4018059.9 | M4: =IF(SQRT((F4-C4)^2+(G4-D4)^2+(H4-E4)^2)=0,E4,E4+(I4/SQRT((F4-C4)^2+(G4-D4)^2+(H4-E4)^2))*(H4-E4)) -> 965.65962 | N4: ='فرم نقشه برداری'!Y8 -> 0
A5: =IF(N5>0,1,0) -> 0 | B5: =B4 -> 0607 | C5: =((LOOKUP(DATA!F16,DATA!K2:K1494,DATA!M2:M1494))) -> 733176.94 | D5: =((LOOKUP(DATA!F16,DATA!K2:K1494,DATA!N2:N1494))) -> 4018316.3 | E5: =((LOOKUP(DATA!F16,DATA!K2:K1494,DATA!O2:O1494))) -> 967.881 | F5: =((LOOKUP(DATA!J16,DATA!K2:K1494,DATA!M2:M1494))) -> 733176.94 | G5: =((LOOKUP(DATA!J16,DATA!K2:K1494,DATA!N2:N1494))) -> 4018316.3 | H5: =((LOOKUP(DATA!J16,DATA!K2:K1494,DATA!O2:O1494))) -> 967.874 | I5: =DATA!G16/100 -> 0 | J5: ='فرم نقشه برداری'!X9 -> 909.8 | K5: =IF(SQRT((F5-C5)^2+(G5-D5)^2+(H5-E5)^2)=0,C5,C5+(I5/SQRT((F5-C5)^2+(G5-D5)^2+(H5-E5)^2))*(F5-C5)) -> 733176.94 | L5: =IF(SQRT((F5-C5)^2+(G5-D5)^2+(H5-E5)^2)=0,D5,D5+(I5/SQRT((F5-C5)^2+(G5-D5)^2+(H5-E5)^2))*(G5-D5)) -> 4018316.3 | M5: =IF(SQRT((F5-C5)^2+(G5-D5)^2+(H5-E5)^2)=0,E5,E5+(I5/SQRT((F5-C5)^2+(G5-D5)^2+(H5-E5)^2))*(H5-E5)) -> 967.881 | N5: ='فرم نقشه برداری'!Y9 -> 0
A6: =IF(N6>0,1,0) -> 0 | B6: =B5 -> 0607 | C6: =((LOOKUP(DATA!F19,DATA!K2:K1494,DATA!M2:M1494))) -> 733176.94 | D6: =((LOOKUP(DATA!F19,DATA!K2:K1494,DATA!N2:N1494))) -> 4018316.3 | E6: =((LOOKUP(DATA!F19,DATA!K2:K1494,DATA!O2:O1494))) -> 967.881 | F6: =((LOOKUP(DATA!J19,DATA!K2:K1494,DATA!M2:M1494))) -> 733176.94 | G6: =((LOOKUP(DATA!J19,DATA!K2:K1494,DATA!N2:N1494))) -> 4018316.3 | H6: =((LOOKUP(DATA!J19,DATA!K2:K1494,DATA!O2:O1494))) -> 967.874 | I6: =DATA!G19/100 -> 0 | J6: ='فرم نقشه برداری'!X10 -> 909.8 | K6: =IF(SQRT((F6-C6)^2+(G6-D6)^2+(H6-E6)^2)=0,C6,C6+(I6/SQRT((F6-C6)^2+(G6-D6)^2+(H6-E6)^2))*(F6-C6)) -> 733176.94 | L6: =IF(SQRT((F6-C6)^2+(G6-D6)^2+(H6-E6)^2)=0,D6,D6+(I6/SQRT((F6-C6)^2+(G6-D6)^2+(H6-E6)^2))*(G6-D6)) -> 4018316.3 | M6: =IF(SQRT((F6-C6)^2+(G6-D6)^2+(H6-E6)^2)=0,E6,E6+(I6/SQRT((F6-C6)^2+(G6-D6)^2+(H6-E6)^2))*(H6-E6)) -> 967.881 | N6: ='فرم نقشه برداری'!Y10 -> 0
A7: =IF(N7>0,1,0) -> 0 | B7: =B6 -> 0607 | C7: =((LOOKUP(DATA!F22,DATA!K2:K1494,DATA!M2:M1494))) -> 0 | D7: =((LOOKUP(DATA!F22,DATA!K2:K1494,DATA!N2:N1494))) -> 0 | E7: =((LOOKUP(DATA!F22,DATA!K2:K1494,DATA!O2:O1494))) -> 0 | F7: =((LOOKUP(DATA!J22,DATA!K2:K1494,DATA!M2:M1494))) -> 0 | G7: =((LOOKUP(DATA!J22,DATA!K2:K1494,DATA!N2:N1494))) -> 0 | H7: =((LOOKUP(DATA!J22,DATA!K2:K1494,DATA!O2:O1494))) -> 0 | I7: =DATA!G22/100 -> 0 | J7: ='فرم نقشه برداری'!X11 -> 1200 | K7: =IF(SQRT((F7-C7)^2+(G7-D7)^2+(H7-E7)^2)=0,C7,C7+(I7/SQRT((F7-C7)^2+(G7-D7)^2+(H7-E7)^2))*(F7-C7)) -> 0 | L7: =IF(SQRT((F7-C7)^2+(G7-D7)^2+(H7-E7)^2)=0,D7,D7+(I7/SQRT((F7-C7)^2+(G7-D7)^2+(H7-E7)^2))*(G7-D7)) -> 0 | M7: =IF(SQRT((F7-C7)^2+(G7-D7)^2+(H7-E7)^2)=0,E7,E7+(I7/SQRT((F7-C7)^2+(G7-D7)^2+(H7-E7)^2))*(H7-E7)) -> 0 | N7: ='فرم نقشه برداری'!Y11 -> 0
A8: =IF(N8>0,1,0) -> 0 | B8: =B7 -> 0607 | C8: =((LOOKUP(DATA!F25,DATA!K2:K1494,DATA!M2:M1494))) -> 0 | D8: =((LOOKUP(DATA!F25,DATA!K2:K1494,DATA!N2:N1494))) -> 0 | E8: =((LOOKUP(DATA!F25,DATA!K2:K1494,DATA!O2:O1494))) -> 0 | F8: =((LOOKUP(DATA!J25,DATA!K2:K1494,DATA!M2:M1494))) -> 0 | G8: =((LOOKUP(DATA!J25,DATA!K2:K1494,DATA!N2:N1494))) -> 0 | H8: =((LOOKUP(DATA!J25,DATA!K2:K1494,DATA!O2:O1494))) -> 0 | I8: =DATA!G25/100 -> 0 | J8: ='فرم نقشه برداری'!X12 -> 1200 | K8: =IF(SQRT((F8-C8)^2+(G8-D8)^2+(H8-E8)^2)=0,C8,C8+(I8/SQRT((F8-C8)^2+(G8-D8)^2+(H8-E8)^2))*(F8-C8)) -> 0 | L8: =IF(SQRT((F8-C8)^2+(G8-D8)^2+(H8-E8)^2)=0,D8,D8+(I8/SQRT((F8-C8)^2+(G8-D8)^2+(H8-E8)^2))*(G8-D8)) -> 0 | M8: =IF(SQRT((F8-C8)^2+(G8-D8)^2+(H8-E8)^2)=0,E8,E8+(I8/SQRT((F8-C8)^2+(G8-D8)^2+(H8-E8)^2))*(H8-E8)) -> 0 | N8: ='فرم نقشه برداری'!Y12 -> 0

Sheet وضعیت
A1: 75.95 | B1: =E1-A1 -> 177.63 | E1: 253.58 | F1: =I1-E1 -> 415.92 | I1: 669.5 | J1: =M1-I1 -> 233.26 | M1: 902.76 | N1: =Q1-M1 -> 196.8 | Q1: 1099.56 | R1: =U1-Q1 -> 238.29 | U1: 1337.85 | V1: =V2-U1 -> 148.78 | X1: کیلومتر و فواصل شفت
A2: سه راهی | B2: 75.95 | C2: <KM> | D2: ='فرم نقشه برداری'!Y20 -> 0 | E2: شفت 3 | F2: ='فرم نقشه برداری'!Y21 -> 0 | G2: <KM> | H2: ='فرم نقشه برداری'!Y22 -> 0 | I2: شفت 4 | J2: 760.03 | K2: <KM> | L2: 760.03 | M2: شفت 5 | N2: 1015.23 | O2: <KM> | P2: 1015.23 | Q2: شفت 6 | R2: 1203.16 | S2: <KM> | T2: 1203.16 | U2: شفت 7 | V2: 1486.63 | W2: <KM> | X2: کیلومتر سینه کار
A3: <پیشرفت > | B3: 0 | C3: مانده | D3: =E1-D2 -> 253.58 | E3: <پیشرفت > | F3: =F2-E1 -> -253.58 | G3: مانده | H3: =I1-H2 -> 669.5 | I3: <پیشرفت > | J3: =J2-I1 -> 90.53 | K3: مانده | L3: =M1-L2 -> 142.73 | M3: <پیشرفت > | N3: =N2-M1 -> 112.47 | O3: مانده | P3: =Q1-P2 -> 84.33 | Q3: <پیشرفت > | R3: =R2-Q1 -> 103.6 | S3: مانده | T3: =U1-T2 -> 134.69 | U3: <پیشرفت > | V3: =V2-U1 -> 148.78 | W3: مانده | X3: متراژ پیشرفت
C4: =D2-B2 -> -75.95 | G4: =H2-F2 -> 0 | K4: 0 | O4: 0 | S4: 0 | W4: 0
